Ref,Val,Package,PosX,PosY,Rot,Side
"BR1","DB107-BP","Diode_Bridge_DIP-4_W7.62mm_P5.08mm",117.380000,-71.000000,0.000000,top
"C1","100nF","C_Rect_L7.0mm_W2.5mm_P5.00mm",147.950000,-136.000000,90.000000,top
"C2","100nF","C_Rect_L7.0mm_W2.5mm_P5.00mm",168.000000,-130.500000,90.000000,top
"C3","100nF","C_Rect_L7.0mm_W2.5mm_P5.00mm",158.000000,-116.000000,180.000000,top
"C4","100nF","C_Rect_L7.0mm_W2.5mm_P5.00mm",142.950000,-136.000000,90.000000,top
"C5","33nF","C_Rect_L7.0mm_W2.5mm_P5.00mm",137.950000,-136.000000,90.000000,top
"C6","10nF","C_Rect_L7.0mm_W2.5mm_P5.00mm",173.500000,-116.000000,0.000000,top
"C7","100nF","C_Rect_L7.0mm_W2.5mm_P5.00mm",173.500000,-122.000000,0.000000,top
"C8","100nF","C_Rect_L7.0mm_W2.5mm_P5.00mm",173.500000,-128.000000,0.000000,top
"C9","470uF","CP_Radial_D8.0mm_P3.50mm",118.500000,-93.000000,0.000000,top
"C10","470uF","CP_Radial_D8.0mm_P3.50mm",118.500000,-112.000000,0.000000,top
"C11","100uF","CP_Radial_D8.0mm_P3.50mm",118.500000,-142.000000,0.000000,top
"C12","100uF","CP_Radial_D8.0mm_P3.50mm",118.500000,-130.000000,0.000000,top
"C13","100nF","C_Rect_L7.0mm_W2.5mm_P5.00mm",149.000000,-91.500000,90.000000,top
"C14","100nF","C_Rect_L7.0mm_W2.5mm_P5.00mm",168.815000,-84.500000,90.000000,top
"D1","1N4148","D_DO-35_SOD27_P7.62mm_Horizontal",186.227500,-85.000000,0.000000,top
"D2","LEDR","LED_D3.0mm",210.460000,-87.000000,0.000000,top
"D3","1N4148","D_DO-35_SOD27_P7.62mm_Horizontal",186.417500,-106.000000,0.000000,top
"D4","LEDG","LED_D3.0mm",210.460000,-109.000000,0.000000,top
"D5","1N4148","D_DO-35_SOD27_P7.62mm_Horizontal",179.380000,-154.000000,0.000000,top
"D6","LEDB","LED_D3.0mm",209.460000,-139.000000,0.000000,top
"D7","LEDY","LED_D3.0mm",95.000000,-120.005000,0.000000,top
"J1","Signal Input","TerminalBlock_Phoenix_MKDS-1,5-2-5.08_1x02_P5.08mm_Horizontal",98.000000,-141.000000,-90.000000,top
"J2","Screw_Terminal_01x03","TerminalBlock_Phoenix_MKDS-1,5-3-5.08_1x03_P5.08mm_Horizontal",98.000000,-75.000000,-90.000000,top
"J3","Screw_Terminal_01x03","TerminalBlock_Phoenix_MKDS-1,5-3-5.08_1x03_P5.08mm_Horizontal",97.962500,-102.920000,-90.000000,top
"Q1","2N3904","TO-92_Inline",200.037500,-77.000000,0.000000,top
"Q2","2N3904","TO-92_Inline",199.805000,-112.000000,0.000000,top
"Q3","2N3904","TO-92_Inline",199.730000,-142.000000,0.000000,top
"R1","10k","R_Axial_DIN0207_L6.3mm_D2.5mm_P10.16mm_Horizontal",144.840000,-71.000000,0.000000,top
"R2","16k","R_Axial_DIN0207_L6.3mm_D2.5mm_P10.16mm_Horizontal",134.760000,-109.950000,0.000000,top
"R3","16k","R_Axial_DIN0207_L6.3mm_D2.5mm_P10.16mm_Horizontal",134.760000,-114.000000,0.000000,top
"R4","36k","R_Axial_DIN0207_L6.3mm_D2.5mm_P10.16mm_Horizontal",144.924698,-106.050000,180.000000,top
"R5","47k","R_Axial_DIN0207_L6.3mm_D2.5mm_P10.16mm_Horizontal",145.080000,-102.000000,180.000000,top
"R6","47k","R_Axial_DIN0207_L6.3mm_D2.5mm_P10.16mm_Horizontal",136.110000,-154.000000,0.000000,top
"R7","2k","R_Axial_DIN0207_L6.3mm_D2.5mm_P10.16mm_Horizontal",151.030000,-154.000000,0.000000,top
"R8","2k","R_Axial_DIN0207_L6.3mm_D2.5mm_P10.16mm_Horizontal",165.110000,-154.000000,0.000000,top
"R9","4k7","R_2512_6332Metric",191.000000,-77.180000,0.000000,top
"R10","470R","R_2512_6332Metric",201.075000,-85.000000,0.000000,top
"R11","4k7","R_2512_6332Metric",191.037500,-99.000000,0.000000,top
"R12","470R","R_2512_6332Metric",201.037500,-122.000000,0.000000,top
"R13","4k7","R_2512_6332Metric",184.037500,-140.000000,0.000000,top
"R14","470R","R_2512_6332Metric",196.152500,-154.000000,0.000000,top
"R15","1k","R_Axial_DIN0207_L6.3mm_D2.5mm_P10.16mm_Horizontal",93.920000,-125.005000,0.000000,top
"R16","0R","R_2512_6332Metric",125.000000,-102.000000,0.000000,top
"RV1","50k","Potentiometer_Bourns_3299W_Vertical",171.540000,-71.000000,0.000000,top
"TP1","TestPoint","PinHeader_1x01_P2.54mm_Vertical",108.000000,-70.000000,0.000000,top
"TP2","TestPoint","PinHeader_1x01_P2.54mm_Vertical",108.000000,-77.000000,0.000000,top
"TP3","TestPoint","PinHeader_1x01_P2.54mm_Vertical",108.000000,-109.000000,0.000000,top
"TP4","TestPoint","PinHeader_1x01_P2.54mm_Vertical",108.000000,-115.000000,0.000000,top
"TP5","TestPoint","PinHeader_1x01_P2.54mm_Vertical",108.000000,-103.000000,0.000000,top
"TP6","TestPoint","PinHeader_1x01_P2.54mm_Vertical",109.000000,-142.000000,0.000000,top
"TP7","TestPoint","PinHeader_1x01_P2.54mm_Vertical",154.000000,-111.000000,0.000000,top
"TP8","TestPoint","PinHeader_1x01_P2.54mm_Vertical",184.037500,-77.000000,0.000000,top
"TP9","TestPoint","PinHeader_1x01_P2.54mm_Vertical",178.000000,-103.000000,0.000000,top
"TP10","TestPoint","PinHeader_1x01_P2.54mm_Vertical",109.000000,-148.000000,0.000000,top
"TP11","TestPoint","PinHeader_1x01_P2.54mm_Vertical",201.037500,-69.000000,0.000000,top
"TP12","TestPoint","PinHeader_1x01_P2.54mm_Vertical",201.075000,-105.000000,0.000000,top
"TP13","TestPoint","PinHeader_1x01_P2.54mm_Vertical",176.000000,-139.000000,0.000000,top
"TP14","TestPoint","PinHeader_1x01_P2.54mm_Vertical",200.730000,-134.000000,0.000000,top
"TP15","TestPoint","PinHeader_1x01_P2.54mm_Vertical",154.815000,-99.270000,0.000000,top
"TP16","TestPoint","PinHeader_1x01_P2.54mm_Vertical",108.000000,-85.000000,0.000000,top
"U1","LM2902","DIP-14_W7.62mm",155.380000,-122.920000,0.000000,top
"U2","L7812","TO-220-3_Vertical",133.000000,-75.080000,90.000000,top
"U4","L7912","TO-220-3_Vertical",131.950000,-135.540000,90.000000,top
"U5","LM2904","DIP-8_W7.62mm",155.195000,-84.190000,0.000000,top
